nome;nome_pubchem;formula;controle;fonte_controle;cas_revisado;nota_revisao
Ácido acético;acetic acid;CH3COOH;Polícia Federal;PF Lista IV (054);;
Ácido acetilsalicílico;aspirin;C9H8O4;;;;
Ácido ascórbico;ascorbic acid;C6H8O6;;;;
Ácido benzoico;benzoic acid;C6H5COOH;Polícia Federal;PF Lista IV (055);;
Ácido bórico;boric acid;H3BO3;Polícia Federal;PF Lista IV (056);;
Ácido bromídrico;hydrobromic acid;HBr;Polícia Federal;PF Lista IV (057);;
Ácido cítrico;citric acid;C6H8O7;;;;
Ácido cítrico monoidratado;citric acid monohydrate;C6H8O7·H2O;;;;
Ácido clorídrico;hydrochloric acid;HCl;Polícia Federal;PF Lista IV (058);;
Ácido 3,5-dinitrossalicílico;3,5-dinitrosalicylic acid;C7H4N2O7;;;;
Ácido esteárico;stearic acid;C18H36O2;;;;
Ácido etilenodiaminotetracético (EDTA);edetic acid;C10H16N2O8;;;;
Ácido fluorídrico;hydrofluoric acid;HF;Exército;Exército PCE 7.2.0020;;
Ácido fórmico;formic acid;HCOOH;Polícia Federal;PF Lista IV (060);;
Ácido fosfórico;phosphoric acid;H3PO4;;;;
Ácido ftálico;phthalic acid;C8H6O4;;;;
Ácido gálico;gallic acid;C7H6O5;;;;
Ácido iodídrico;hydroiodic acid;HI;Polícia Federal;PF Lista IV (062);;
Ácido láctico;lactic acid;C3H6O3;;;;
Ácido L-glutâmico;L-glutamic acid;C5H9NO4;;;;
Ácido maleico;maleic acid;C4H4O4;;;;
Ácido nítrico;nitric acid;HNO3;Exército;Exército PCE 7.3.0010;;
Ácido oleico;oleic acid;C18H34O2;;;;
Ácido oxálico;oxalic acid;C2H2O4;;;;
Ácido oxálico di-hidratado;oxalic acid dihydrate;C2H2O4·2H2O;;;;
Ácido perclórico;perchloric acid;HClO4;Exército;Exército PCE 7.3.0020;;
Ácido p-toluenossulfônico monoidratado;p-toluenesulfonic acid monohydrate;C7H8O3S·H2O;;;;
Ácido salicílico;salicylic acid;C7H6O3;;;;
Ácido succínico;succinic acid;C4H6O4;;;;
Ácido sulfâmico;sulfamic acid;H3NSO3;;;;
Ácido sulfanílico;sulfanilic acid;C6H7NO3S;;;;
Ácido sulfúrico;sulfuric acid;H2SO4;Polícia Federal;PF Lista IV (063);;
Ácido tartárico;L-tartaric acid;C4H6O6;;;;
Ácido tricloroacético;trichloroacetic acid;C2HCl3O2;;;;
Ácido trifluoroacético;trifluoroacetic acid;C2HF3O2;;;;
Acetaldeído;acetaldehyde;C2H4O;;;;
Acetato de amônio;ammonium acetate;CH3COONH4;;;;
Acetato de butila;butyl acetate;C6H12O2;;;;
Acetato de chumbo(II) tri-hidratado;lead(II) acetate trihydrate;Pb(CH3COO)2·3H2O;;;;
Acetato de cobre(II) monoidratado;copper(II) acetate monohydrate;Cu(CH3COO)2·H2O;;;;
Acetato de etila;ethyl acetate;C4H8O2;Polícia Federal;PF Lista II (031);;
Acetato de isoamila;isoamyl acetate;C7H14O2;;;;
Acetato de potássio;potassium acetate;CH3COOK;;;;
Acetato de sódio;sodium acetate anhydrous;CH3COONa;;;;
Acetato de sódio tri-hidratado;sodium acetate trihydrate;CH3COONa·3H2O;;;;
Acetato de zinco di-hidratado;zinc diacetate dihydrate;Zn(CH3COO)2·2H2O;;;;
Acetona;acetone;C3H6O;Polícia Federal;PF Lista II (032);;
Acetonitrila;acetonitrile;CH3CN;;;;
Acrilamida;acrylamide;C3H5NO;;;;
Água oxigenada (peróxido de hidrogênio);hydrogen peroxide;H2O2;;;;
Alaranjado de metila;methyl orange;C14H14N3NaO3S;;;;
Álcool isoamílico;isoamyl alcohol;C5H12O;;;;
Alúmen de potássio;potassium aluminum sulfate dodecahydrate;KAl(SO4)2·12H2O;;;;
Alumínio em pó;aluminum;Al;Exército;Exército PCE 7.3.0030 (só em pó);;
Anidrido acético;acetic anhydride;C4H6O3;Polícia Federal;PF Lista VI (067);;
Anilina;aniline;C6H7N;;;;
Azida sódica;sodium azide;NaN3;Exército;Exército PCE 7.3.0040;;
Azul de bromofenol;bromophenol blue;C19H10Br4O5S;;;;
Azul de bromotimol;bromothymol blue;C27H28Br2O5S;;;;
Azul de Coomassie R-250;Coomassie Brilliant Blue R-250;C45H44N3NaO7S2;;;;
Azul de metileno;methylene blue;C16H18ClN3S;;;;
Benzaldeído;benzaldehyde;C7H6O;;;;
Benzeno;benzene;C6H6;;;;
Benzoato de sódio;sodium benzoate;C7H5NaO2;;;;
Bicarbonato de potássio;potassium bicarbonate;KHCO3;Polícia Federal;PF Lista V (064);;
Bicarbonato de sódio;sodium bicarbonate;NaHCO3;;;;
Biftalato de potássio;potassium hydrogen phthalate;C8H5KO4;;;;
Bórax (tetraborato de sódio decaidratado);sodium tetraborate decahydrate;Na2B4O7·10H2O;;;;
Bromato de potássio;potassium bromate;KBrO3;;;;
Brometo de etídio;ethidium bromide;C21H20BrN3;;;;
Brometo de potássio;potassium bromide;KBr;;;;
Brometo de sódio;sodium bromide;NaBr;;;;
Bromo;bromine;Br2;;;;
Bromobenzeno;bromobenzene;C6H5Br;Polícia Federal;PF Lista VI (069);;
Borohidreto de sódio;sodium borohydride;NaBH4;Polícia Federal;PF Lista VI (068);;
n-Butanol;1-butanol;C4H10O;;;;
Cafeína;caffeine;C8H10N4O2;Polícia Federal;PF Lista III (041);;
Carbonato de cálcio;calcium carbonate;CaCO3;;;;
Carbonato de lítio;lithium carbonate;Li2CO3;;;;
Carbonato de potássio;potassium carbonate;K2CO3;;;;
Carbonato de sódio;sodium carbonate;Na2CO3;;;;
Carvão ativado;activated charcoal;C;;;;
Cianeto de potássio;potassium cyanide;KCN;Exército;Exército PCE 7.2.0100;;
Cianeto de sódio;sodium cyanide;NaCN;Exército;Exército PCE 7.2.0110;;
Ciclo-hexano;cyclohexane;C6H12;;;;
Ciclo-hexanol;cyclohexanol;C6H12O;;;;
Ciclo-hexanona;cyclohexanone;C6H10O;;;;
Citrato de sódio di-hidratado;trisodium citrate dihydrate;Na3C6H5O7·2H2O;;;;
Clorato de potássio;potassium chlorate;KClO3;Exército;Exército PCE 7.3.0080;;
Cloreto de acetila;acetyl chloride;C2H3ClO;;;;
Cloreto de alumínio;aluminum chloride;AlCl3;;;;
Cloreto de amônio;ammonium chloride;NH4Cl;Polícia Federal;PF Lista VI (072);;
Cloreto de bário di-hidratado;barium chloride dihydrate;BaCl2·2H2O;;;;
Cloreto de cálcio;calcium chloride;CaCl2;;;;
Cloreto de cálcio di-hidratado;calcium chloride dihydrate;CaCl2·2H2O;;;;
Cloreto de cobalto(II) hexaidratado;cobalt(II) chloride hexahydrate;CoCl2·6H2O;;;;
Cloreto de cobre(II) di-hidratado;copper(II) chloride dihydrate;CuCl2·2H2O;;;;
Cloreto de cromo(III) hexaidratado;chromium(III) chloride hexahydrate;CrCl3·6H2O;;;;
Cloreto de estanho(II) di-hidratado;stannous chloride dihydrate;SnCl2·2H2O;;;;
Cloreto de estrôncio hexaidratado;strontium chloride hexahydrate;SrCl2·6H2O;;;;
Cloreto de ferro(III);iron(III) chloride;FeCl3;;;;
Cloreto de ferro(III) hexaidratado;iron(III) chloride hexahydrate;FeCl3·6H2O;;;;
Cloreto de guanidina;guanidine hydrochloride;CH5N3·HCl;;;;
Cloreto de lítio;lithium chloride;LiCl;;;;
Cloreto de magnésio hexaidratado;magnesium chloride hexahydrate;MgCl2·6H2O;;;;
Cloreto de manganês(II) tetraidratado;manganese(II) chloride tetrahydrate;MnCl2·4H2O;;;;
Cloreto de mercúrio(II);mercury(II) chloride;HgCl2;Polícia Federal;PF Lista VI (073);;
Cloreto de níquel(II) hexaidratado;nickel(II) chloride hexahydrate;NiCl2·6H2O;;;;
Cloreto de potássio;potassium chloride;KCl;;;;
Cloreto de sódio;sodium chloride;NaCl;;;;
Cloreto de tionila;thionyl chloride;SOCl2;Exército;Exército PCE 7.2.0150;;
Cloreto de zinco;zinc chloride;ZnCl2;;;;
Cloridrato de hidroxilamina;hydroxylamine hydrochloride;NH2OH·HCl;Polícia Federal;PF Lista VI (083) hidroxilamina: confirmar se o sal entra;;
Clorofórmio;chloroform;CHCl3;Polícia Federal;PF Lista II (035);;
Cobre metálico;copper;Cu;;;;
Colesterol;cholesterol;C27H46O;;;;
Cristal violeta;crystal violet;C25H30ClN3;;;;
Cromato de potássio;potassium chromate;K2CrO4;Polícia Federal;PF Lista VI (074);;
Diclorometano;dichloromethane;CH2Cl2;Polícia Federal;PF Lista II (034) cloreto de metileno;;
1,2-Dicloroetano;1,2-dichloroethane;C2H4Cl2;Polícia Federal;PF Lista II (030);;
Dicromato de potássio;potassium dichromate;K2Cr2O7;Polícia Federal;PF Lista VI (075);;
Dicromato de sódio di-hidratado;sodium dichromate dihydrate;Na2Cr2O7·2H2O;Polícia Federal;PF Lista VI (076);;
Dietilamina;diethylamine;C4H11N;Polícia Federal;PF Lista VI (077);;
Difenilamina;diphenylamine;C12H11N;;;;
1,5-Difenilcarbazida;1,5-diphenylcarbazide;C13H14N4O;;;;
Dimetilglioxima;dimethylglyoxime;C4H8N2O2;;;;
Dimetilsulfóxido (DMSO);dimethyl sulfoxide;C2H6OS;;;;
N,N-Dimetilformamida (DMF);N,N-dimethylformamide;C3H7NO;;;;
1,4-Dioxano;1,4-dioxane;C4H8O2;;;;
Dióxido de manganês;manganese dioxide;MnO2;;;;
Dióxido de titânio;titanium dioxide;TiO2;;;;
Dissulfeto de carbono;carbon disulfide;CS2;;;;
Ditiotreitol (DTT);dithiothreitol;C4H10O2S2;;;;
Dodecil sulfato de sódio (SDS);sodium dodecyl sulfate;C12H25NaO4S;;;;
EDTA dissódico di-hidratado;edetate disodium dihydrate;C10H14N2Na2O8·2H2O;;;6381-92-6;CAS da forma di-hidratada, 139-33-3 é o sal anidro
Enxofre;sulfur;S;;;;
Eosina Y;eosin Y;C20H6Br4Na2O5;;;17372-87-1;sal dissódico (o corante), a fórmula da lista é a do sal
Éter etílico;diethyl ether;C4H10O;Polícia Federal;PF Lista II (036);;
Etanol;ethanol;C2H5OH;;;;
Etilenodiamina;ethylenediamine;C2H8N2;;;;
Etilenoglicol;ethylene glycol;C2H6O2;;;;
Fenol;phenol;C6H5OH;;;;
Fenolftaleína;phenolphthalein;C20H14O4;;;;
1,10-Fenantrolina monoidratada;1,10-phenanthroline monohydrate;C12H8N2·H2O;;;;
Ferricianeto de potássio;potassium ferricyanide;K3[Fe(CN)6];;;;
Ferro em pó;iron;Fe;;;;
Ferrocianeto de potássio tri-hidratado;potassium ferrocyanide trihydrate;K4[Fe(CN)6]·3H2O;;;;
Fluoreto de potássio;potassium fluoride;KF;Exército;Exército PCE 7.2.0390;;
Fluoreto de sódio;sodium fluoride;NaF;Exército;Exército PCE 7.2.0400;;
Formaldeído;formaldehyde;CH2O;;;;
Formamida;formamide;CH3NO;Polícia Federal;PF Lista VI (080);;
Formiato de amônio;ammonium formate;HCOONH4;Polícia Federal;PF Lista V (065);;
Fosfato de amônio dibásico;diammonium hydrogen phosphate;(NH4)2HPO4;;;;
Fosfato de potássio dibásico;dipotassium hydrogen phosphate;K2HPO4;;;;
Fosfato de potássio monobásico;potassium dihydrogen phosphate;KH2PO4;;;;
Fosfato de sódio dibásico;disodium hydrogen phosphate;Na2HPO4;;;;
Fosfato de sódio monobásico monoidratado;sodium dihydrogen phosphate monohydrate;NaH2PO4·H2O;;;;
Fosfato de sódio tribásico dodecaidratado;trisodium phosphate dodecahydrate;Na3PO4·12H2O;;;;
Frutose;D-fructose;C6H12O6;;;;
Glicerol;glycerol;C3H8O3;;;;
Glicina;glycine;C2H5NO2;;;;
Glicose;D-glucose;C6H12O6;;;;
Glutaraldeído;glutaraldehyde;C5H8O2;;;;
Hematoxilina;hematoxylin;C16H14O6;;;;
HEPES;HEPES;C8H18N2O4S;;;;
Heptano;heptane;C7H16;;;;
Hexano;hexane;C6H14;;;;
Hidreto de lítio e alumínio;lithium aluminium hydride;LiAlH4;Polícia Federal;PF Lista VI (082);;
Hidroquinona;hydroquinone;C6H6O2;;;;
Hidróxido de alumínio;aluminum hydroxide;Al(OH)3;;;;
Hidróxido de amônio;ammonium hydroxide;NH4OH;Polícia Federal;PF Lista V (066);;
Hidróxido de bário octaidratado;barium hydroxide octahydrate;Ba(OH)2·8H2O;;;;
Hidróxido de cálcio;calcium hydroxide;Ca(OH)2;;;;
Hidróxido de lítio;lithium hydroxide;LiOH;;;;
Hidróxido de magnésio;magnesium hydroxide;Mg(OH)2;;;;
Hidróxido de potássio;potassium hydroxide;KOH;;;;
Hidróxido de sódio;sodium hydroxide;NaOH;;;;
8-Hidroxiquinolina;8-hydroxyquinoline;C9H7NO;;;;
Hipoclorito de sódio;sodium hypochlorite;NaClO;;;;
Imidazol;imidazole;C3H4N2;;;;
Iodato de potássio;potassium iodate;KIO3;;;;
Iodeto de potássio;potassium iodide;KI;;;;
Iodeto de sódio;sodium iodide;NaI;;;;
Iodo;iodine;I2;;;;
Isopropanol;isopropanol;C3H8O;;;;
Lactose monoidratada;lactose monohydrate;C12H22O11·H2O;;;5989-81-1;alfa-lactose monoidratada, a forma comercial, 64044-51-5 é o registro genérico de farmacopeia
Limoneno;D-limonene;C10H16;;;;
Magnésio em pó;magnesium;Mg;Exército;Exército PCE 7.3.0330 (só em pó, fita não);;
Manitol;D-mannitol;C6H14O6;Polícia Federal;PF Lista III (048);;
2-Mercaptoetanol;2-mercaptoethanol;C2H6OS;;;;
Mercúrio;mercury;Hg;;;;
Metabissulfito de sódio;sodium metabisulfite;Na2S2O5;;;;
Metanol;methanol;CH3OH;;;;
Metiletilcetona (butanona);2-butanone;C4H8O;Polícia Federal;PF Lista II (037);;
N,N'-Metilenobisacrilamida;N,N'-methylenebisacrylamide;C7H10N2O2;;;;
Molibdato de amônio tetraidratado;ammonium heptamolybdate tetrahydrate;(NH4)6Mo7O24·4H2O;;;12054-85-2;CAS de catálogo dos fornecedores, o PubChem não traz CAS para este composto
Molibdato de sódio di-hidratado;sodium molybdate dihydrate;Na2MoO4·2H2O;;;;
Naftaleno;naphthalene;C10H8;;;;
Negro de eriocromo T;eriochrome black T;C20H12N3NaO7S;;;;
Ninidrina;ninhydrin;C9H6O4;;;;
Nitrato de alumínio nonaidratado;aluminum nitrate nonahydrate;Al(NO3)3·9H2O;;;;
Nitrato de amônio;ammonium nitrate;NH4NO3;Exército;Exército PCE 7.3.0400 (acima de 70%);;
Nitrato de bário;barium nitrate;Ba(NO3)2;;;;
Nitrato de cálcio tetraidratado;calcium nitrate tetrahydrate;Ca(NO3)2·4H2O;;;;
Nitrato de chumbo(II);lead(II) nitrate;Pb(NO3)2;;;;
Nitrato de cobalto(II) hexaidratado;cobalt(II) nitrate hexahydrate;Co(NO3)2·6H2O;;;;
Nitrato de cobre(II) tri-hidratado;copper(II) nitrate trihydrate;Cu(NO3)2·3H2O;;;;
Nitrato de ferro(III) nonaidratado;iron(III) nitrate nonahydrate;Fe(NO3)3·9H2O;;;;
Nitrato de níquel(II) hexaidratado;nickel(II) nitrate hexahydrate;Ni(NO3)2·6H2O;;;;
Nitrato de potássio;potassium nitrate;KNO3;Exército;Exército PCE 7.3.0420;;
Nitrato de prata;silver nitrate;AgNO3;;;;
Nitrato de sódio;sodium nitrate;NaNO3;;;;
Nitrito de sódio;sodium nitrite;NaNO2;;;;
Nitrobenzeno;nitrobenzene;C6H5NO2;;;;
Nitroprussiato de sódio di-hidratado;sodium nitroprusside dihydrate;Na2[Fe(CN)5NO]·2H2O;;;;
1-Octanol;1-octanol;C8H18O;;;;
Óxido de alumínio;aluminum oxide;Al2O3;;;;
Óxido de cálcio;calcium oxide;CaO;;;;
Óxido de cobre(II);copper(II) oxide;CuO;;;;
Óxido de cromo(III);chromium(III) oxide;Cr2O3;;;;
Óxido de ferro(III);ferric oxide;Fe2O3;;;;
Óxido de magnésio;magnesium oxide;MgO;;;;
Óxido de zinco;zinc oxide;ZnO;;;;
Oxalato de amônio monoidratado;ammonium oxalate monohydrate;(NH4)2C2O4·H2O;;;;
Oxalato de sódio;sodium oxalate;Na2C2O4;;;;
Paracetamol;acetaminophen;C8H9NO2;Polícia Federal;PF Lista III (049);;
Pentano;pentane;C5H12;;;;
Permanganato de potássio;potassium permanganate;KMnO4;Polícia Federal;PF Lista VI (088);;
Persulfato de amônio;ammonium persulfate;(NH4)2S2O8;;;;
Persulfato de potássio;potassium persulfate;K2S2O8;;;;
Piperidina;piperidine;C5H11N;Polícia Federal;PF Lista I (026);;
Piridina;pyridine;C5H5N;;;;
Propilenoglicol;propylene glycol;C3H8O2;;;;
Resorcinol;resorcinol;C6H6O2;;;;
Sacarose;sucrose;C12H22O11;;;;
Safranina O;safranin O;C20H19ClN4;;;;
Salicilato de metila;methyl salicylate;C8H8O3;;;;
Sódio metálico;sodium;Na;;;;
Sulfato de alumínio octadecaidratado;aluminum sulfate octadecahydrate;Al2(SO4)3·18H2O;;;;
Sulfato de amônio;ammonium sulfate;(NH4)2SO4;;;;
Sulfato de bário;barium sulfate;BaSO4;;;;
Sulfato de cálcio di-hidratado;calcium sulfate dihydrate;CaSO4·2H2O;;;10101-41-4;13397-24-5 é o gesso (mineral)
Sulfato de cobre(II);copper(II) sulfate;CuSO4;;;;
Sulfato de cobre(II) pentaidratado;copper(II) sulfate pentahydrate;CuSO4·5H2O;;;;
Sulfato de ferro(II) amoniacal hexaidratado (sal de Mohr);ferrous ammonium sulfate hexahydrate;(NH4)2Fe(SO4)2·6H2O;;;;
Sulfato de ferro(II) heptaidratado;iron(II) sulfate heptahydrate;FeSO4·7H2O;;;;
Sulfato de ferro(III) amoniacal dodecaidratado;ammonium iron(III) sulfate dodecahydrate;NH4Fe(SO4)2·12H2O;;;;
Sulfato de hidrazina;hydrazine sulfate;N2H4·H2SO4;;;;
Sulfato de magnésio;magnesium sulfate;MgSO4;;;;
Sulfato de magnésio heptaidratado;magnesium sulfate heptahydrate;MgSO4·7H2O;;;;
Sulfato de manganês(II) monoidratado;manganese(II) sulfate monohydrate;MnSO4·H2O;;;;
Sulfato de níquel(II) hexaidratado;nickel(II) sulfate hexahydrate;NiSO4·6H2O;;;;
Sulfato de potássio;potassium sulfate;K2SO4;;;;
Sulfato de sódio;sodium sulfate;Na2SO4;;;;
Sulfato de zinco heptaidratado;zinc sulfate heptahydrate;ZnSO4·7H2O;;;;
Sulfeto de sódio nonaidratado;sodium sulfide nonahydrate;Na2S·9H2O;Exército;Exército PCE 7.2 (sulfetos de sódio);;
Sulfito de sódio;sodium sulfite;Na2SO3;;;;
Tartarato de sódio e potássio tetraidratado;potassium sodium tartrate tetrahydrate;KNaC4H4O6·4H2O;;;6381-59-5;sal de Rochelle, o PubChem tem dois registros com esse nome
Tetracloreto de carbono;carbon tetrachloride;CCl4;;;;
Tetra-hidrofurano (THF);tetrahydrofuran;C4H8O;;;;
N,N,N',N'-Tetrametiletilenodiamina (TEMED);tetramethylethylenediamine;C6H16N2;;;;
Tiocianato de amônio;ammonium thiocyanate;NH4SCN;;;;
Tiocianato de potássio;potassium thiocyanate;KSCN;;;;
Tiossulfato de sódio pentaidratado;sodium thiosulfate pentahydrate;Na2S2O3·5H2O;;;;
Tioureia;thiourea;CH4N2S;;;;
Tolueno;toluene;C7H8;Polícia Federal;PF Lista II (038);;
Trietanolamina;triethanolamine;C6H15NO3;Exército;Exército PCE 7.2.0610;;
Trietilamina;triethylamine;C6H15N;;;;
Tris(hidroximetil)aminometano (Tris);tromethamine;C4H11NO3;;;;
Tungstato de sódio di-hidratado;sodium tungstate dihydrate;Na2WO4·2H2O;;;;
Ureia;urea;CH4N2O;;;;
Vanilina;vanillin;C8H8O3;;;;
Verde de bromocresol;bromocresol green;C21H14Br4O5S;;;;
Vermelho congo;congo red;C32H22N6Na2O6S2;;;;
Vermelho de metila;methyl red;C15H15N3O2;;;;
Zinco metálico;zinc;Zn;;;;
